{
  "main": {
    "id": "3f1310c0f5d4e3b7",
    "type": "split",
    "children": [
      {
        "id": "b3f70628abe57ac9",
        "type": "tabs",
        "children": [
          {
            "id": "b113d12da0fc0eb5",
            "type": "leaf",
            "state": {
              "type": "markdown",
              "state": {
                "file": "TODO in Typescript ticket.md",
                "mode": "source",
                "backlinks": false,
                "source": false
              }
            }
          }
        ]
      }
    ],
    "direction": "vertical"
  },
  "left": {
    "id": "b2fbd5684f5d9ed0",
    "type": "split",
    "children": [
      {
        "id": "066bdf0d7f138c65",
        "type": "tabs",
        "children": [
          {
            "id": "73d13ca32762c067",
            "type": "leaf",
            "state": {
              "type": "file-explorer",
              "state": {
                "sortOrder": "alphabetical"
              }
            }
          },
          {
            "id": "24339eaf23c3016d",
            "type": "leaf",
            "state": {
              "type": "search",
              "state": {
                "query": "",
                "matchingCase": false,
                "explainSearch": false,
                "collapseAll": false,
                "extraContext": false,
                "sortOrder": "alphabetical"
              }
            }
          },
          {
            "id": "3ffec244903bccc6",
            "type": "leaf",
            "state": {
              "type": "bookmarks",
              "state": {}
            }
          }
        ]
      }
    ],
    "direction": "horizontal",
    "width": 254.5
  },
  "right": {
    "id": "3b8bef3bdc5527eb",
    "type": "split",
    "children": [
      {
        "id": "ace700a29be42a4a",
        "type": "tabs",
        "children": [
          {
            "id": "fa1460c6be5ed7ca",
            "type": "leaf",
            "state": {
              "type": "backlink",
              "state": {
                "file": "TODO in Typescript ticket.md",
                "collapseAll": false,
                "extraContext": false,
                "sortOrder": "alphabetical",
                "showSearch": false,
                "searchQuery": "",
                "backlinkCollapsed": false,
                "unlinkedCollapsed": true
              }
            }
          },
          {
            "id": "43fdd146d4f0f3d5",
            "type": "leaf",
            "state": {
              "type": "outgoing-link",
              "state": {
                "file": "TODO in Typescript ticket.md",
                "linksCollapsed": false,
                "unlinkedCollapsed": true
              }
            }
          },
          {
            "id": "33678e8e15172199",
            "type": "leaf",
            "state": {
              "type": "tag",
              "state": {
                "sortOrder": "frequency",
                "useHierarchy": true
              }
            }
          },
          {
            "id": "ba21ae14b436fd97",
            "type": "leaf",
            "state": {
              "type": "outline",
              "state": {
                "file": "TODO in Typescript ticket.md"
              }
            }
          },
          {
            "id": "203e6cff4c2dcf5a",
            "type": "leaf",
            "state": {
              "type": "git-history-view",
              "state": {}
            }
          },
          {
            "id": "37c9bc71907884e5",
            "type": "leaf",
            "state": {
              "type": "git-view",
              "state": {}
            }
          }
        ],
        "currentTab": 5
      }
    ],
    "direction": "horizontal",
    "width": 300
  },
  "left-ribbon": {
    "hiddenItems": {
      "switcher:Open quick switcher": false,
      "graph:Open graph view": false,
      "canvas:Create new canvas": false,
      "daily-notes:Open today's daily note": false,
      "templates:Insert template": false,
      "command-palette:Open command palette": false
    }
  },
  "active": "203e6cff4c2dcf5a",
  "lastOpenFiles": [
    "TAble select.md",
    "TODO in Typescript ticket.md",
    "Work/Devops Discussion/<DONE> CSS Discussion with Gaurav.md",
    "Repo/Repo installation.md",
    "Daily Notes  for The 11th Jan 2024.md",
    "Build error on master.md",
    "Repo",
    "Daily Notes  for The 7th Dec 2023.md",
    "Daily Notes  for The 9th Jan 2024.md",
    "DD PR estimates.md",
    "Daily Notes  for The 14th Dec 2023.md",
    "Daily Notes  for The 25th Dec 2023.md",
    "Daily Notes  for The 21st Dec 2023.md",
    "spends DECEMBER.md",
    "friday shubam opaid.md",
    "Daily Notes  for The 28th Dec 2023.md",
    "Work/Devops Discussion/<DONE>Questions to ask Joey.md",
    "Work/Devops Discussion/<DONE> Daily Notes  for The 7th Nov 2023.md",
    "Work/Devops Discussion/<DONE> FE meeting notes 14 Nov 2023.md",
    "Work/Devops Discussion/<WIP>DD-153.md",
    "Work/Devops Discussion/<DONE>FE chenges.md",
    "Work/Devops Discussion/<DONE>ICONS.md",
    "Work/Devops Discussion/DD Routes.md",
    "Work/Devops Discussion/<WIP>DD-151 WIP.md",
    "Work/Devops Discussion/<WIP> DD-161 Porject Listing.md",
    "Work/Presentation/# Presenttion discussion Meeting with Thomas.md",
    "Daily Notes  for The 12th Dec 2023.md",
    "Untitled 1.canvas",
    "Untitled.canvas",
    "Personal/CS gifts",
    "Personal",
    "Work/Voice Booking",
    "Work/Presentation",
    "Work",
    "Work/Devops Discussion"
  ]
}